{
  "accuracy": 0.845,
  "roc_auc": 0.9617304981203008,
  "precision_pos": 0.6244725738396625,
  "recall_pos": 0.9736842105263158,
  "f1_pos": 0.7609254498714653,
  "confusion_matrix": [
    [
      359,
      89
    ],
    [
      4,
      148
    ]
  ],
  "classification_report": {
    "0": {
      "precision": 0.9889807162534435,
      "recall": 0.8013392857142857,
      "f1-score": 0.8853267570900123,
      "support": 448.0
    },
    "1": {
      "precision": 0.6244725738396625,
      "recall": 0.9736842105263158,
      "f1-score": 0.7609254498714653,
      "support": 152.0
    },
    "accuracy": 0.845,
    "macro avg": {
      "precision": 0.806726645046553,
      "recall": 0.8875117481203008,
      "f1-score": 0.8231261034807388,
      "support": 600.0
    },
    "weighted avg": {
      "precision": 0.8966386535086189,
      "recall": 0.845,
      "f1-score": 0.8538117592613137,
      "support": 600.0
    }
  }
}