{
  "accuracy": 0.9497126436781609,
  "roc_auc": 0.9876142040595887,
  "precision_pos": 0.5503355704697986,
  "recall_pos": 0.9647058823529412,
  "f1_pos": 0.7008547008547008,
  "confusion_matrix": [
    [
      1240,
      67
    ],
    [
      3,
      82
    ]
  ],
  "classification_report": {
    "0": {
      "precision": 0.997586484312148,
      "recall": 0.9487375669472073,
      "f1-score": 0.9725490196078431,
      "support": 1307.0
    },
    "1": {
      "precision": 0.5503355704697986,
      "recall": 0.9647058823529412,
      "f1-score": 0.7008547008547008,
      "support": 85.0
    },
    "accuracy": 0.9497126436781609,
    "macro avg": {
      "precision": 0.7739610273909734,
      "recall": 0.9567217246500743,
      "f1-score": 0.8367018602312719,
      "support": 1392.0
    },
    "weighted avg": {
      "precision": 0.9702759040847058,
      "recall": 0.9497126436781609,
      "f1-score": 0.9559584900862791,
      "support": 1392.0
    }
  }
}